timestamp,pid,event
0,2000,api_112
1,2000,api_274
2,2000,api_158
3,2000,api_215
4,2000,api_274
5,2000,api_158
6,2000,api_215
7,2000,api_298
8,2000,api_76
9,2000,api_208
10,2000,api_76
11,2000,api_172
12,2000,api_117
13,2000,api_35
14,2000,api_172
15,2000,api_117
16,2000,api_112
17,2000,api_123
18,2000,api_65
19,2000,api_172
20,2000,api_117
21,2000,api_35
22,2000,api_60
23,2000,api_81
24,2000,api_60
25,2000,api_81
26,2000,api_60
27,2000,api_81
28,2000,api_60
29,2000,api_81
30,2000,api_60
31,2000,api_81
32,2000,api_60
33,2000,api_81
34,2000,api_60
35,2000,api_81
36,2000,api_60
37,2000,api_81
38,2000,api_60
39,2000,api_81
40,2000,api_60
41,2000,api_81
42,2000,api_60
43,2000,api_81
44,2000,api_60
45,2000,api_81
46,2000,api_60
47,2000,api_81
48,2000,api_60
49,2000,api_81
50,2000,api_117
51,2000,api_60
52,2000,api_81
53,2000,api_60
54,2000,api_81
55,2000,api_215
56,2000,api_208
57,2000,api_35
58,2000,api_208
59,2000,api_240
60,2000,api_117
61,2000,api_172
62,2000,api_60
63,2000,api_81
64,2000,api_60
65,2000,api_81
66,2000,api_225
67,2000,api_35
68,2000,api_60
69,2000,api_81
70,2000,api_35
71,2000,api_225
72,2000,api_172
73,2000,api_60
74,2000,api_81
75,2000,api_60
76,2000,api_81
77,2000,api_60
78,2000,api_81
79,2000,api_172
80,2000,api_117
81,2000,api_76
82,2000,api_240
83,2000,api_117
84,2000,api_71
85,2000,api_297
86,2000,api_135
87,2000,api_171
88,2000,api_215
89,2000,api_172
90,2000,api_117
91,2000,api_172
92,2000,api_117
93,2000,api_76
94,2000,api_172
95,2000,api_117
96,2000,api_208
97,2000,api_76
98,2000,api_172
99,2000,api_117
